PCA1,PCA2,PCA3,cluster
-0.5939929,-0.07188107,1.7283604,2
-1.045356,-0.3880603,-2.1351604,2
1.3289633,-0.58866495,-0.6736135,1
0.9041255,-0.26371077,1.399516,1
0.28634328,0.05400717,-1.537792,1
0.07927771,0.1608138,-1.7724558,1
-1.4365735,0.20862143,0.6039194,2
-0.32596293,-0.7840399,0.98849,2
0.7129634,0.252558,-0.8389939,1
-1.4465501,-0.64242566,-0.90390396,2
1.4698199,-0.45220217,-0.16328077,1
0.80277073,-0.0031251963,-0.7837903,1
1.1557124,0.121487856,1.3967516,1
-0.17889944,0.09435173,1.4835507,1
0.9880247,-0.06420352,0.6239448,1
0.44411013,-0.64907265,-0.9762811,1
0.17988469,-0.4604667,0.39671096,1
1.636985,-0.09322976,-0.5166195,1
0.32289687,1.1986717,-0.10867042,1
1.0753183,0.21911304,-0.046282377,1
-0.47391197,-1.3103641,0.5110487,2
0.44691575,0.13305049,-1.4445119,1
-2.1746466,2.3850183,-0.065974824,0
1.1210964,-0.46787056,1.252011,1
-0.12307023,3.766975,0.04217068,0
1.2976836,0.30750185,-0.61664027,1
1.2108155,0.14945032,-0.61604404,1
0.38986254,-0.7817291,-0.16550569,1
0.5639238,-0.69887316,0.9994661,1
1.78336,0.02588132,-1.0860403,1
0.9040271,-0.010853383,-0.117797494,1
-0.36675256,-0.1302895,-1.9087701,1
-1.4592371,-0.89946103,0.5842763,2
-2.3876653,-0.20463026,0.18991278,2
-0.5460187,4.006495,-0.1468793,0
0.068595126,0.05195838,-0.7444986,1
0.3911362,-0.14416246,-0.49794117,1
-1.7877764,-0.47540373,0.25440854,2
0.27699828,-0.22561203,-1.3069077,1
0.6140295,1.2500684,0.21791773,1
-0.09655241,-0.071454346,-1.129806,1
-0.11681513,0.2663634,-0.9179634,1
1.597631,0.08227057,0.2115219,1
-1.4934599,2.749057,0.06086219,0
0.56799877,0.020868253,1.6404939,1
0.4381518,-1.1503819,1.888298,1
0.14249063,-0.32754937,-1.6909641,1
-1.758141,0.28341356,0.044528943,2
-0.097799264,0.59647727,0.21128696,1
-1.854105,-0.59492123,-0.69045323,2
-0.59366065,-0.7923275,0.608676,2
0.55773854,-0.4315466,0.39972714,1
1.1469737,-0.59403235,0.50768733,1
0.12792626,-0.49458998,1.1481646,1
-0.9514749,-0.81029767,-0.3672964,2
-0.81538826,-0.668683,-0.88693166,2
-0.53945976,0.26744696,0.09888209,2
0.59089154,-0.36226025,-0.25882182,1
-0.44558784,-0.20082213,-0.19901699,2
0.71609175,-0.64403075,0.6250272,1
0.08635583,-0.35179985,0.9539836,1
-0.8469407,-0.7804383,-0.33683443,2
-0.11165584,1.1844712,-0.6379601,1
0.82570606,-0.5095911,-0.5827804,1
1.0354031,-0.32348803,-0.16074933,1
1.5194417,-0.24305706,-0.24756388,1
-1.6053641,-1.4391873,0.037107788,2
1.2969352,-0.026974272,-0.63980687,1
0.634066,-0.6710062,1.0278718,1
0.74177635,0.21961685,-0.9918086,1
-0.8583982,-0.6536243,0.4200252,2
-1.0637528,-1.310875,-0.57039917,2
1.3803376,0.27475896,-0.6554462,1
-1.5637747,-1.0422957,0.071897745,2
1.134541,-0.6579275,-0.35963497,1
0.8320908,1.2538446,0.01940809,1
0.49847767,-0.45560047,0.055430498,1
0.021817436,0.13940482,0.7044123,1
-0.9750241,0.054267377,1.9159278,2
-0.15750918,-0.47211665,0.25267228,1
0.17947705,-0.4283444,0.8407261,1
0.3210081,2.1385176,0.57140255,0
1.221331,-0.3427507,-0.44799381,1
1.0285187,-0.62122345,-0.23186669,1
0.4341088,-0.3488406,-0.55911905,1
-0.30503696,-0.8211968,-1.6436949,2
1.2250272,-0.7170944,-0.4681709,1
-0.7421323,0.13618633,-0.34030163,2
-1.0077715,-0.65026134,-0.27578765,2
-4.002536,0.9057969,0.8651038,2
-4.016918,0.75724196,0.5841673,2
-0.86173546,-0.51562166,-0.5688463,2
0.4941721,-0.42639047,-0.80939394,1
-1.2635665,4.6005654,-0.28013158,0
0.7808397,2.8377614,0.1507351,0
1.2706921,-0.2617059,-0.34386656,1
0.6543133,-0.42633164,-1.7998899,1
-0.8588305,0.16242515,1.6039462,2
0.6132431,0.4990984,-0.6845796,1
1.6545938,-0.14390282,-0.027607486,1
-0.9929468,0.35818493,0.44195023,2
-1.2567474,3.1591663,-0.05511093,0
1.12321,-0.15422748,1.9531606,1
-1.5107079,-0.68803465,-0.1606987,2
1.4845511,-0.29375675,-0.078341216,1
0.9416937,-0.23425452,1.6063216,1
-1.00306,0.96834713,-1.0765792,2
-1.0231274,1.730218,-1.9763855,0
-0.7054544,1.3055115,-1.2832417,0
0.141743,0.43805438,1.8447331,1
-0.88789195,0.067064226,1.808956,2
1.1768625,-0.78321743,-0.6302012,1
-0.8987313,2.5997326,-1.5288936,0
1.6347175,0.06282912,-0.15002671,1
1.1768625,-0.78321743,-0.6302012,1
1.2442429,0.0039412756,-0.15631431,1
1.1768625,-0.78321743,-0.6302012,1
1.1768625,-0.78321743,-0.6302012,1
1.1768625,-0.78321743,-0.6302012,1
1.4057972,-0.05990402,-0.32874593,1
0.95607215,1.9785954,0.2345658,0
1.6607922,-0.30547062,-0.31828788,1
1.1768625,-0.78321743,-0.6302012,1
-0.50968844,3.9646544,0.31190786,0
1.1768625,-0.78321743,-0.6302012,1
1.1768625,-0.78321743,-0.6302012,1
1.3916919,-0.27380046,-0.24560362,1
-2.6712544,0.062372472,0.5013963,2
1.7510408,-0.22843347,-0.015006445,1
-2.3941264,0.8367321,-0.46769616,2
0.5759676,0.5571676,0.80116075,1
-0.32840967,-0.521852,-0.18091126,2
0.2817039,-0.03640236,1.1832975,1
0.97925216,0.5550751,-0.26552626,1
1.1768625,-0.78321743,-0.6302012,1
-2.3938916,-1.2190906,-0.27993733,2
1.3486035,0.2445069,0.027107365,1
1.409665,0.29502833,-0.21145491,1
-1.6923409,-0.85459083,-0.119013205,2
-0.2854834,-0.27573645,-1.4057513,1
0.75990856,-0.035612404,0.31885812,1
0.43735164,0.2818766,-1.6958928,1
0.8033967,-0.4563004,-0.26928538,1
-0.061368447,-0.7856204,0.35703877,1
1.5388037,0.011759576,-0.5321803,1
-0.55893093,-0.86911553,-0.75114626,2
-0.6271902,3.7181191,-0.41814843,0
-0.610849,-0.9437276,-0.45003432,2
0.34842092,-0.348799,0.44050008,1
0.21764694,3.0957458,0.051264152,0
1.5346502,-0.16453753,0.046842888,1
1.568241,-0.058714025,0.13525647,1
0.78099805,1.399221,-0.025738161,1
-0.20230035,-0.119416684,1.0616386,1
-1.0732945,1.5251591,0.89345574,0
-2.3335032,-0.6411596,-0.3103902,2
-0.80335426,-0.25620303,0.4579661,2
-0.33358508,-0.53836244,-0.2846299,2
1.3080069,-0.036855917,-0.11230055,1
-0.23345777,-1.1219473,0.5101609,2
1.2790977,-0.33466437,-0.36301568,1
1.0717213,-0.097878635,-0.31514457,1
-0.30341014,-0.7432594,0.10101385,1
-0.40464178,3.1192508,-0.7713278,0
0.6876753,0.42772347,1.4533536,1
0.89090914,-0.22734496,1.023596,1
-1.6949985,-0.44085518,1.5956528,2
0.2849307,-0.14913557,1.180704,1
-1.9601595,-1.2937455,0.55620223,2
0.6919859,-0.05627393,1.5211148,1
0.4359713,1.9490572,0.33161125,0
0.47968245,-0.980101,0.46450436,1
0.23008417,-0.18738298,-1.0484428,1
-1.8434694,0.6581291,1.8816121,2
-1.0029414,0.67708755,-0.0158415,2
0.0074509317,-0.34234464,0.9474231,1
-1.5641911,-0.963784,-1.5564183,2
0.45518285,-0.47834244,0.3374064,1
-0.43857566,3.3416803,-0.8741072,0
-0.6663767,-0.08116769,-2.0094323,2
-0.5891271,-0.49517822,0.9209594,2
0.5028497,-0.12672758,-0.26035646,1
0.564123,-0.2804721,-0.60888124,1
0.5982481,-0.8615623,0.53252685,1
-0.63206697,0.023138933,0.6058185,2
0.6566657,-0.27286953,-0.9323605,1
-1.5481808,-0.09140667,0.16670394,2
-1.555695,-0.8696427,-0.5840325,2
0.8765457,-0.23723154,0.6291207,1
-0.86397964,-0.08909957,0.34511358,2
1.2557232,-0.32932952,0.5228599,1
-0.10845899,-1.0183052,0.25899318,1
1.7373866,-0.20966943,-0.37620634,1
0.54040116,-0.6583307,-0.4059372,1
-0.86397964,-0.08909957,0.34511358,2
1.5386039,-0.13758282,-0.12895675,1
0.07480608,-0.37058994,-1.5264883,1
-1.6299758,-0.19155829,-0.45405507,2
0.3968021,-0.3332626,0.9070579,1
-0.4253264,-0.8488696,-0.405531,2
-1.056398,-1.452396,0.3380933,2
-0.07519021,-0.3562096,-2.1832404,1
0.5072507,0.16449891,-0.5848207,1
-0.5900386,3.0189092,-0.34095505,0
-0.13916354,-0.19581646,-1.5740961,1
0.45422134,-0.49339584,1.4168725,1
-0.76888716,-0.8308999,0.01567743,2
-1.0695417,0.9878028,-0.21424375,2
-0.13683565,0.5302819,0.90079165,1
0.31025863,1.5541102,-0.114104025,0
-1.6667572,-1.0687387,0.08758132,2
1.1768625,-0.78321743,-0.6302012,1
-0.31493014,-1.0628847,1.3037215,2
0.78293705,0.96128917,0.7247332,1
-1.4741358,-0.68751377,-0.45679358,2
1.5825994,0.42243618,0.10429194,1
1.1768625,-0.78321743,-0.6302012,1
-1.2812792,-1.186491,-0.6614,2
0.90915465,1.3012546,-0.16175579,1
-1.8937415,3.099563,0.20769586,0
-0.443296,-0.7085696,0.052648295,2
0.34043798,-0.13361175,-1.6208829,1
0.4346473,-0.43091992,0.18060718,1
-0.1291424,-0.47268167,1.4094776,1
-2.3618512,-0.93738437,-0.16743146,2
0.98864317,-0.09237197,0.3452778,1
1.4525493,0.03741459,-1.1132554,1
1.2111909,-0.35024202,0.47046414,1
1.3177241,-0.08126743,-0.027276745,1
-0.96332383,0.148271,-0.4672753,2
-0.3539546,-0.4663317,-2.2247775,1
-0.6855635,0.45269647,-0.22902702,2
0.2766449,1.0008839,0.47235042,1
-1.0843517,-0.36444074,-1.0267843,2
-0.10624865,0.05861022,-0.2328779,1
1.672732,-0.24605237,0.47920942,1
0.5262251,1.0122956,-0.22427155,1
1.3982464,-0.55108285,-0.06230985,1
-1.8457873,-0.5919207,1.2376246,2
-0.10688433,1.1576729,-0.23283987,1
1.6697352,0.3262692,0.23750111,1
0.03461838,-0.14891315,-2.3654714,1
-2.3623781,-0.055232897,0.5719554,2
-0.91759485,-0.31853306,1.112032,2
-0.5387891,0.52303886,-1.582472,2
0.71822965,1.4411492,1.3190469,1
-0.8706038,-0.7471563,-0.48599502,2
-0.44751212,1.1998278,-1.1341414,0
-3.4302392,-1.1356312,0.9309388,2
-1.3877742,1.1524088,1.1294235,2
0.41790852,0.50626963,-0.00044426997,1
-2.2864945,-0.66698694,0.49643913,2
0.35183907,-0.008517957,-0.6824597,1
0.6465608,0.4643443,0.2729561,1
0.11040581,1.1137414,0.45864993,1
1.238274,0.0626709,-0.22303273,1
-1.0955197,0.2310884,0.3055492,2
-0.7741614,1.990066,0.92205286,0
-1.1661277,2.3344486,0.40586954,0
0.9408865,-0.29285055,0.010899683,1
-0.52821726,0.4854394,0.54118127,2
-1.9421709,-0.8106531,1.4078786,2
0.23931168,-0.28247073,-1.1458936,1
0.8381003,2.2731628,0.08766577,0
0.31664374,-0.68646485,1.3099877,1
-0.35058266,3.5425508,0.031683303,0
1.1768625,-0.78321743,-0.6302012,1
1.6709673,-0.18911728,-0.3904996,1
0.8062047,-0.62865067,-1.1815271,1
1.7147008,-0.4171035,0.26797584,1
1.1768625,-0.78321743,-0.6302012,1
1.1768625,-0.78321743,-0.6302012,1
1.2517475,-0.20512012,-0.23156688,1
0.06854427,-0.3683752,1.3538738,1
0.7433368,-0.525848,0.5118459,1
0.3009956,-0.41685322,-1.2505686,1
-0.072721,-0.85807514,0.5204681,1
1.3011966,-0.37939617,-0.02046435,1
-2.0944507,0.24635337,-0.23458368,2
-1.6923409,-0.85459083,-0.119013205,2
-0.2689437,0.016811531,1.0314883,2
0.11598855,0.8397921,-1.4313396,1
0.00028636324,-0.689584,0.15573294,1
-0.3914443,3.9461803,0.52604425,0
-0.8894615,-0.43460333,-1.000598,2
1.4556788,-0.6948963,-0.30914328,1
1.8046016,0.11263056,-0.18964362,1
-0.6108492,-0.9437278,-0.45003402,2
0.6959423,-0.19834468,-0.020526087,1
0.78282446,-0.35523805,-1.0411887,1
-1.1867263,-0.09133279,-0.3905509,2
-0.44510344,-0.66609514,0.026147027,2
0.32776082,-0.45294845,-0.6631316,1
-1.1243513,3.4914706,-0.76387674,0
-0.086916134,-0.022743158,-1.4835678,1
0.7887002,-0.49658203,0.40544152,1
0.8391177,-0.27348194,-0.5470929,1
0.5778378,0.041416917,-1.7938751,1
0.41100964,-0.5124378,-1.3926624,1
-0.02243422,0.20206983,0.24490088,1
0.3456863,-0.6519221,-0.7162681,1
0.32605138,0.026655618,0.78712606,1
0.06057911,-0.03983066,-1.0594629,1
-0.6058188,0.5706588,-0.3692391,2
-0.68361175,-0.1063543,1.2280794,2
0.45532572,-0.37345946,-0.91993487,1
0.30083102,3.0754182,0.5218375,0
-0.25563726,-0.12818919,-2.0017982,1
-0.89185286,-0.5432352,0.02274778,2
-0.13460396,1.218613,1.3933426,1
-0.41545755,-0.4843958,2.2852552,2
1.0948408,-0.09552641,-0.3843356,1
0.23419331,0.32876417,-0.4517326,1
-1.6965853,-0.5222682,1.8976139,2
0.027698152,-0.3620271,-1.1687112,1
-0.22111514,-0.69913685,0.18739499,2
-1.7977259,0.06980272,0.06231561,2
-0.69216686,-0.50097156,0.020407222,2
0.32274058,0.92131096,-0.52278155,1
0.2869611,-0.37636673,-1.6747284,1
0.73697513,-0.5226864,1.4521297,1
1.2417362,0.5534173,-0.7268637,1
-0.022784479,-1.2114146,1.8658168,2
-0.6521362,2.1165721,-0.96635205,0
0.38861766,3.709291,0.36937785,0
0.9272474,-0.93296313,0.010084691,1
0.9272474,-0.93296313,0.010084691,1
-0.43884844,-0.5490333,0.12520614,2
1.3669347,-0.40020406,-0.51417774,1
0.40772673,-0.25350425,0.9520613,1
-1.4394068,-0.81486356,0.09941865,2
0.78866446,-0.37649027,0.20514585,1
-0.2825519,-0.047516033,1.8981524,2
0.8715345,-0.43654633,1.2389269,1
-0.09520328,0.38356084,-0.44417334,1
-0.8136017,-0.22896607,0.4416114,2
0.50187457,-0.14809881,-0.9519513,1
-2.1914144,-0.97673273,-0.40814623,2
-0.8305029,0.040259182,0.917485,2
0.8767393,0.73983145,0.64664507,1
0.39065814,0.29321417,0.5559239,1
0.95503694,-0.66924095,2.4460793,1
-0.059483267,-0.80688,0.70934045,1
-0.79788744,-0.020488909,-0.11273905,2
0.80427533,0.03599969,0.08828777,1
1.2391076,-0.5497847,-0.4057019,1
-0.927008,-0.8085215,0.6441217,2
1.3394177,-0.22666965,0.069166385,1
0.23453215,0.3398193,0.4154954,1
0.05005072,-0.43541873,-1.9374974,1
1.4233016,0.12207323,-0.3718542,1
-0.56741816,-0.7512278,0.2564694,2
-1.4704425,-0.727406,1.5021443,2
1.664085,-0.31148225,-0.026810747,1
1.4498159,0.20688765,-0.17510115,1
0.49511445,0.35365254,-0.35192508,1
1.4591322,-0.1894238,-0.22403173,1
0.5497652,-0.12037483,1.0300767,1
0.7990885,0.07891039,0.6322455,1
-1.7238905,-0.22123224,0.32582036,2
-0.12470493,-0.3844285,-1.007926,1
-1.3731663,-0.82739645,-0.47414115,2
1.1123312,0.7218888,0.29903084,1
-1.2421793,-1.2089273,1.2628548,2
-1.2635522,-0.58448195,1.8392744,2
0.9138691,0.16808814,0.2162763,1
-0.038835578,-0.6695107,-1.1678439,1
0.8393179,0.38077462,-0.8671437,1
-0.25960645,-0.9008624,0.24080259,2
0.4770688,-0.7309355,0.67124367,1
-0.7787693,-0.58002615,-0.20064136,2
-0.48139015,-0.7926958,1.4005325,2
-1.3830042,-0.5384733,-1.1056045,2
-0.1847038,-0.69148743,1.8420258,2
-0.5601353,-0.5913312,2.0849407,2
-0.122407235,-0.17250508,1.1224898,1
0.1650871,-0.6518996,-1.2492152,1
0.35299814,-0.62345177,0.19890274,1
1.0060622,-0.2725163,-0.5351484,1
1.2876178,-0.04574524,-0.5968594,1
-0.69794244,1.3343848,-1.6316028,0
0.6375124,-0.6839059,0.55855495,1
-1.32602,0.30028394,0.22069448,2
0.5694903,-0.66049767,1.9244889,1
1.0013666,0.5380135,0.12930532,1
0.32470557,-0.9961501,-0.0033045067,1
1.3949902,1.6476848,0.31872985,1
-0.105300196,-0.27150863,-1.000928,1
-0.15222527,0.33473662,1.7632347,1
-0.96004295,-0.80181396,-0.51747537,2
0.68689007,0.2026898,-0.19091532,1
1.0498536,0.31623754,1.4866962,1
1.025876,0.6076682,-0.07984655,1
-2.5715716,1.3844776,-0.39624733,2
-0.056749385,0.19398709,-1.8236735,1
0.012057151,-0.16039465,1.0521846,1
-1.1241343,-0.93592054,-0.11484272,2
-0.8592616,0.48244923,0.24832062,2
0.53153926,0.5558921,-0.14069235,1
1.6309983,0.07663177,-0.20463672,1
-1.855541,-0.18937652,-0.8352287,2
0.63438094,-0.5706212,0.039906,1
0.20083441,-0.5764418,0.77708787,1
-0.99365914,-0.6813446,0.7433915,2
0.9179612,0.7727716,0.27984187,1
-0.49724066,2.8828568,0.74761575,0
-1.5928266,-1.2055428,-0.29026425,2
0.51601005,-0.3642272,0.27107736,1
-1.6923409,-0.85459083,-0.119013205,2
-0.74378294,-0.806567,1.2536656,2
0.56275743,0.099910654,-0.3222264,1
-1.3713423,-0.17786507,0.7837102,2
-1.8901198,-1.0471781,1.3700268,2
-0.521131,1.3357003,1.2933577,0
0.21852957,0.35068053,0.15724608,1
-0.10156163,-0.1608617,0.6573009,1
0.0058921278,-0.55115193,1.0825955,1
1.1433667,0.50701064,-0.6314211,1
-0.6108492,-0.9437278,-0.45003402,2
1.2161121,0.7889326,0.8885003,1
0.37619156,-0.2922966,-0.30907357,1
1.1461712,-0.39710638,0.2145083,1
1.5150074,0.12027498,-0.84970015,1
-0.31863692,-0.35941607,0.20496622,1
0.2752569,0.14017549,0.76451313,1
0.264906,1.2351645,-0.717354,1
-1.1500682,-0.44551834,1.6353747,2
-1.1819723,-0.71286184,-0.12984109,2
0.9533432,2.9439058,0.58144355,0
-0.13888341,3.6064167,-0.19583388,0
1.0752194,-0.08991989,-0.8446308,1
1.3984123,-0.21896371,-0.1905793,1
1.0091013,-0.35649252,-0.15178075,1
0.8583039,-0.28853124,-0.16965573,1
-0.637644,-0.8940167,-2.041114,2
-2.1955743,-1.457875,-0.5290069,2
-0.41712624,-0.54630524,-1.3288308,2
0.038230218,-0.06696291,-0.7203251,1
0.76565593,-0.33269367,-0.14729428,1
-0.45799825,-0.43931442,-0.18815333,2
-1.2330914,-0.30906487,-0.13844785,2
-0.76671314,-0.41933438,-0.7528303,2
0.1159331,-0.9185506,0.32058048,1
1.530242,-0.50172514,-0.048918013,1
0.014941236,-0.78123766,0.36575466,1
0.49340326,-0.27350816,1.6586758,1
-0.86301136,-1.0590413,-1.1670345,2
0.017290024,0.81619877,0.4908036,1
0.4615388,0.026345551,-1.037451,1
0.021246122,-0.31440774,0.88112116,1
0.70490104,0.08190573,1.3712454,1
0.64796174,-0.5128012,0.013228186,1
0.09557538,0.41450378,-0.28393373,1
0.5354823,3.3765354,0.75121593,0
0.20582823,-0.7372235,-1.0337539,1
0.5571573,-0.18433802,-1.4770472,1
-0.048214164,-0.7366411,0.0056913905,1
-0.39785084,-0.40062648,0.19783984,2
-0.5263908,1.131809,1.0215111,1
0.48609126,-0.52055967,1.3530219,1
1.1418765,-0.61519414,-0.24035503,1
1.6834968,0.046288397,-0.49622422,1
1.028375,-0.29709297,1.5046842,1
0.82838416,-0.2839391,-0.2978398,1
0.14134292,-0.18533519,-0.6728535,1
1.452147,-0.17455664,-0.13196646,1
1.1927496,0.56818855,-0.5593337,1
1.0410883,-0.59797543,-0.50634396,1
-0.12931785,2.1269147,-0.21971376,0
1.2706674,0.68300056,0.37351304,1
-0.8388481,0.67266846,1.0682192,2
0.27093,0.120579034,-1.4471649,1
0.03249702,-0.6102939,-1.6633369,1
0.18670693,-0.32234076,-1.0625619,1
-0.6419462,-0.45204806,0.06868404,2
-0.330046,-0.4705194,-1.1202903,2
0.7609313,-0.13092487,-0.41784886,1
0.8401705,-0.58515066,0.048798583,1
0.121697605,-0.41830397,2.2855587,1
1.4117591,-0.40238807,-0.26431975,1
-0.18951428,0.17410009,-1.8933216,1
0.10162577,-0.37019375,-1.7293321,1
0.87518495,-0.3059277,-0.19101459,1
0.6658578,-0.41306227,1.7857184,1
-0.46870434,0.34898284,1.7199373,2
-2.6279743,-0.7331864,-0.81683356,2
0.21497853,-0.11305685,-1.4183933,1
1.6071373,-0.8299237,-0.25694636,1
-0.12691069,1.3529546,-0.94451183,0
0.77855605,0.57214785,-0.28440207,1
0.26629886,-0.028257564,0.018399237,1
-0.287127,-0.60353804,0.46691963,2
0.31225196,0.8290085,-0.94090104,1
1.2445897,-0.27353075,-0.58736795,1
0.5930075,3.7215278,0.6728331,0
1.027765,-0.1619191,-0.0041676257,1
-0.5299712,-0.8739524,1.113219,2
0.39872682,-0.35266924,0.7408001,1
0.13746569,2.197784,0.85642016,0
-0.8634447,-0.21590857,1.2301546,2
-2.1577072,2.9095044,0.41022247,0
0.9428575,-0.47453037,0.09527624,1
-2.050451,3.2207954,0.37653497,0
-0.28918713,-0.595868,0.1366021,2
0.36540297,3.7702622,0.32155257,0
0.2804811,-0.53564024,-1.1463137,1
-0.6796668,-0.39160526,-0.2360094,2
0.13412638,-0.77750176,0.8638961,1
1.536582,-0.3379545,-0.43844235,1
-1.6976292,-0.6680619,1.0326548,2
-1.2211249,-0.3611569,-0.2580219,2
0.35588393,-0.8992168,0.37827116,1
-1.6708609,-0.5075724,1.6416347,2
-0.9911268,0.21148746,1.2507645,2
-1.1972985,-1.2367247,-0.38219255,2
1.4096677,-0.27591798,-0.1032612,1
1.6092367,-0.42190558,-0.28672063,1
-0.8759768,-0.8482183,-0.056408763,2
-2.3907855,0.68593955,-0.25384173,2
0.7849324,0.6751312,0.9859839,1
-0.36539742,-0.8236461,0.42345244,2
1.5923531,-0.3519447,-0.71819675,1
0.4332455,-0.40426797,-0.93107957,1
-0.54579717,-0.82472086,-0.041897796,2
0.46394,-0.15062015,-0.9849302,1
-0.0832305,0.08313323,0.33092493,1
1.1015573,-0.406806,0.46838862,1
-0.5960831,-0.961879,-1.2566996,2
0.4715081,0.23426694,0.399041,1
0.733662,-0.49767798,0.68233943,1
0.89678836,-0.21902245,1.7355015,1
1.1063,-0.41862753,-0.15940359,1
-2.1378152,3.1070375,0.43263167,0
0.44361213,-0.64902556,1.5451525,1
-0.78264487,-0.5575266,-0.24687412,2
-1.8513488,1.7624727,0.23592824,0
0.92357075,0.4418448,-0.08866919,1
0.854597,0.4136572,-0.14416526,1
-1.0913736,-0.83569586,0.11750618,2
1.351111,-0.41508558,-0.009709748,1
0.19662651,-0.6089666,0.28539827,1
0.8327379,-0.42304456,0.95215696,1
1.38735,-0.12430193,-0.33517313,1
-0.9000762,1.2775027,0.46253946,0
1.5834655,0.012609723,-0.086694025,1
-1.400205,-1.1424978,-0.3823468,2
-1.4257832,-0.8367105,-0.39245552,2
-0.86286336,-0.40894648,-0.1587313,2
-1.3853145,3.5717149,-0.9129661,0
0.47188425,-0.1159253,-0.11371907,1
1.9788735,-0.3210774,-0.28457272,1
-1.5927987,4.433261,-0.6981638,0
0.43290612,0.030133596,-0.9111709,1
0.717774,-0.112408735,-0.7393979,1
1.202079,-0.044749472,-0.09277941,1
1.4850537,-0.40457398,-0.029348243,1
1.2522045,-0.53256005,-0.1309662,1
-0.43052426,-0.77270955,0.7629312,2
0.5944923,0.3171428,-0.7381485,1
-2.7098796,-0.4574403,-0.4631893,2
-1.0221716,-0.70748955,1.3669481,2
1.0302545,0.30537325,-0.45889768,1
-0.801484,-0.46350598,-0.43287423,2
-0.33919233,-0.09311634,0.41197464,2
0.8257037,-0.29665756,0.4778165,1
1.5605339,-0.3823856,-0.2663643,1
0.8186238,-0.66403526,0.12707068,1
0.5499389,-0.21912181,-0.37142238,1
-1.6923409,-0.85459083,-0.119013205,2
-0.9491646,-0.97447777,-0.67353946,2
1.452474,-0.5557656,0.07570946,1
1.4015319,-0.17201674,-0.28359938,1
-0.18168318,-0.4829004,-0.28421,1
-1.1595784,-1.2311176,0.167681,2
-1.0984046,-1.1831464,0.26260915,2
-0.6949559,1.579505,0.35800654,0
-0.24482696,0.38029784,0.94562835,1
1.2938282,-0.71880513,-0.854598,1
0.25234887,-0.039451484,0.4421906,1
0.74472666,-0.78840846,0.2612577,1
-0.6108492,-0.9437278,-0.45003402,2
-0.755177,-0.39841208,0.7565609,2
-0.644669,0.4784784,-0.22297807,2
0.57901055,-0.39485282,1.4053886,1
0.2955143,0.327967,0.35247016,1
0.09589181,0.45787492,-1.9252588,1
-0.13514926,-0.17192577,0.05540769,1
1.0263132,-0.22475809,1.0507298,1
-2.6343095,-1.0072582,-0.5770746,2
-2.1737723,-1.1315529,-0.6058891,2
-1.3107678,-0.4704549,0.079685956,2
0.90528214,-0.04671008,0.8788302,1
0.9264325,0.08670104,0.271764,1
-1.7475883,-0.99419373,0.20185657,2
1.026863,0.056176506,1.326486,1
0.4172542,1.4107828,0.77835375,0
-2.0969784,-0.96909744,-0.3034552,2
1.299595,0.21038997,-0.44625425,1
1.3907206,-0.6214725,-0.5244263,1
1.0800049,-0.20122881,0.32429004,1
0.13632955,3.619443,0.27182215,0
-0.30791423,3.426978,0.16787104,0
1.08334,-0.52172846,0.40072593,1
1.1243515,-0.37939414,0.13044967,1
0.58614475,-0.5586925,0.68558383,1
-0.22481962,2.749246,0.30565462,0
0.17736268,0.5332267,-1.1785731,1
1.0407014,0.44203332,-0.124192774,1
-0.70070714,2.7105927,-0.2654362,0
1.3726519,-0.21434069,-0.21645725,1
-0.984861,-0.3976392,-0.5299689,2
1.2931228,-0.24798924,-0.08257296,1
1.4460421,0.3918227,-0.2469292,1
-0.21599515,-0.32544813,0.4337056,1
1.4167395,0.029543344,0.22271824,1
0.4042633,-0.8608936,0.4766019,1
1.023623,-0.34818548,-0.19107808,1
-0.47124436,0.6946027,0.2517746,1
0.19310912,-0.4174061,-0.57334393,1
1.0859606,0.8506188,-0.11618061,1
0.8826237,-0.21416514,1.0417413,1
-0.025017584,-0.8217939,-0.23146302,1
-2.0955095,-0.058821328,-0.13847183,2
0.30112898,-0.06841056,-0.056681782,1
1.5072254,-0.46309122,-0.4464407,1
-0.4688905,-0.6138522,0.3112233,2
0.93088144,0.26712358,0.6780578,1
1.5096544,-0.36693972,-0.15183048,1
0.25575042,-0.23702256,0.3404858,1
0.78743243,0.018913312,1.5626681,1
-0.15515903,-0.054770704,-0.12268575,1
0.15450583,-0.4335822,0.7932311,1
-0.14264973,-0.6394512,0.3505227,1
-2.0127528,-0.7625764,1.0086359,2
0.6438622,-0.22415449,-0.08492638,1
0.09124636,3.4768293,0.36508664,0
1.4901614,-0.30209458,-0.22988579,1
1.3037549,-0.27065524,1.4566613,1
0.3549589,-0.2979993,-0.66252935,1
-0.16635284,-0.06521498,-1.2319257,1
-0.25326082,-0.9015163,1.2324933,2
1.3111819,1.4052006,0.018618954,1
0.6312379,-0.06933647,-0.67053914,1
0.5096191,-0.60144556,0.56323695,1
0.20994948,-0.89671123,0.47074762,1
0.2506658,-0.5964959,1.320909,1
-1.0506623,2.542896,-1.3093271,0
0.55021906,-0.9563182,1.2286125,1
-0.41152456,3.6236317,-0.2664494,0
0.79847515,0.026525991,-0.29009095,1
0.9402574,0.28452182,-0.014427762,1
0.38422823,0.6454971,-0.46182856,1
1.6963811,-0.2731551,-0.2276368,1
0.35929644,-0.566113,-1.3519572,1
-0.609803,2.3663478,-0.6988444,0
0.022086766,-0.114567004,1.6660057,1
0.19568893,-0.931732,0.15034045,1
-0.70036227,-0.82582074,-1.7517221,2
0.8781642,-0.46198747,1.4923865,1
-1.017035,-0.81274354,0.73247284,2
1.2025145,0.384354,-0.6504148,1
-0.25085753,-0.4217591,0.7456519,1
1.5328978,-0.13072829,-0.08833995,1
0.091178894,2.557599,0.29163644,0
1.3689041,-0.27385098,-0.13344839,1
0.20904486,0.04978723,1.4619917,1
0.49069935,-0.37090856,0.46804675,1
0.6868117,-0.3815579,-0.32685953,1
-0.6696283,-0.17215884,-0.2536529,2
-0.14687483,0.03902055,-0.99381816,1
0.652226,-0.021730004,-0.84984356,1
1.0320926,0.70166975,0.10138461,1
-1.6923409,-0.85459083,-0.119013205,2
-0.09370642,1.1280338,0.77631927,1
-0.38797587,2.8381262,-0.44152448,0
0.6170763,0.20574057,0.29523012,1
-1.1944399,1.9260194,1.290924,0
0.3156746,-0.46986693,-0.09562104,1
1.6026583,0.09058001,0.15820433,1
-0.6108492,-0.9437278,-0.45003402,2
1.0875341,-0.53545094,-0.30355832,1
0.6552223,-0.14297298,-1.185852,1
1.8483484,-0.24725087,-0.014004328,1
1.0815381,0.38385886,-0.40359893,1
-0.31157446,-0.8575594,0.32576418,2
-0.16709779,-0.05499815,1.2030425,1
0.47686678,-0.6353201,1.3616921,1
0.016566155,-0.98717797,1.0097308,1
-0.64506733,-0.22371183,0.96529484,2
0.9477681,1.0141902,0.4214516,1
-0.68966657,-0.8564709,0.95728964,2
0.7879024,-0.9494756,1.1485467,1
1.3824693,-0.352898,-0.38216627,1
-0.638694,3.5888708,-0.046592206,0
-0.10326947,-0.5156764,-1.8164588,1
0.8465175,-0.8911291,-0.45485198,1
0.78077155,1.5564381,-0.1303603,0
-0.12304889,-0.30710787,-0.06047691,1
1.0845933,-0.13913241,-0.43426678,1
0.57579803,-0.5619649,0.5538866,1
-1.2903677,-1.0594509,0.16562365,2
0.6269679,-0.14315175,-0.88954663,1
0.20122753,-0.07760899,0.7520582,1
-0.8603377,0.19091834,0.5970227,2
0.012813574,-0.36384887,-1.9835355,1
0.32997397,1.4204074,-0.37780353,0
-1.596464,-1.106778,-0.5738395,2
1.1266103,-0.23723002,-0.14080322,1
0.3502631,-0.60996604,1.37678,1
0.680538,0.979526,0.53625613,1
1.2005526,-0.06891227,-0.48949876,1
0.18949391,-0.18594663,0.5509954,1
-1.5422907,-1.0689903,0.5346923,2
-0.6389343,0.38332206,-1.4889121,2
1.1424845,-0.30640808,1.4328985,1
-0.682465,-0.50430596,0.16192582,2
-0.036984134,0.945571,0.47742233,1
1.4437988,0.20276564,-0.5852853,1
-0.6045438,0.5554739,1.1591733,2
1.0386679,-0.6871467,-0.29352605,1
1.2582114,-0.28867856,0.95542306,1
0.3402414,0.16425413,1.2814534,1
0.89871025,-0.39116004,-0.59291524,1
0.525705,0.02522625,0.57755613,1
-1.0827236,0.14429094,1.0231119,2
0.70254344,-0.4343672,-0.93717,1
1.4703896,-0.31429645,-0.43502223,1
0.7327608,0.92950606,0.11943535,1
0.88956386,-0.43273714,-0.7496204,1
1.5103296,-0.49554145,-0.40819404,1
1.3250046,-0.56072795,-0.07666581,1
-0.4775809,-0.9170521,-0.22649673,2
-1.3282799,-0.07004162,1.4392047,2
0.37674585,-0.3682749,0.6718896,1
-0.67860454,0.33756524,0.8010249,2
1.0250405,-0.66733813,-0.82691324,1
1.4010129,0.019449519,-0.15519515,1
-0.25617632,-0.13992585,-1.6260287,1
1.2379718,-0.22317742,0.10059105,1
-1.1469523,-0.24636045,-0.6371044,2
0.737686,0.7831365,-0.9988035,1
1.3087367,0.09140045,-0.8503632,1
-0.5192417,4.2416415,0.3222325,0
0.009962107,-0.03339293,2.8638456,1
-0.13054644,-0.49279085,0.29921636,1
-1.2948674,0.55469,-0.014612443,2
0.007536678,-0.986523,-0.71345985,1
0.033952754,-0.07155221,2.674554,1
0.43248272,0.15830529,1.8318757,1
-1.3030851,-0.43735927,-0.22027361,2
-0.56946784,-0.26995054,0.2288512,2
0.77234644,0.14763115,1.5764463,1
-1.4060793,-0.17559734,-0.9786894,2
0.6995948,-0.6996769,-0.035301033,1
-1.415019,-0.35678923,1.1426469,2
0.7117688,-0.54206693,0.74508035,1
-0.8548653,-0.33598426,0.070514105,2
0.23951693,-0.6968852,1.1561879,1
0.89524335,0.061596908,1.3910654,1
-0.77969605,-0.9394631,-0.23420018,2
0.0754333,0.08856679,-1.7090414,1
1.4113908,-0.55174017,0.010765084,1
-1.1672134,0.88731146,0.411149,2
0.17158931,-0.15587325,-0.91033816,1
-0.29907253,1.1442544,0.34843493,0
-0.05222303,1.0822536,-0.69585425,1
0.7825237,1.3050467,0.2645083,1
1.449618,-0.44257694,1.6342313,1
1.1349612,0.24107978,-0.1368829,1
0.98376757,-0.35613886,0.76702374,1
-1.6002074,-0.8463124,1.4326426,2
-1.5320666,-0.8252837,2.6902568,2
-0.01671573,-0.39836863,-1.8371305,1
-1.5571064,-0.9274409,-0.5350004,2
-0.95791227,-0.9204575,-0.39106563,2
-0.50320834,-0.46820125,0.4627441,2
1.1080415,-0.5112829,0.14462115,1
1.4075804,0.29471305,-1.007372,1
0.6072843,-0.46316496,-0.25321078,1
1.2160472,-0.0046450244,0.17216834,1
1.2087525,0.42881113,-0.2777,1
-1.2676804,-0.7461876,-1.2033304,2
0.4986222,-0.79104847,0.3617101,1
-0.07020491,3.9049792,0.5812163,0
0.77512175,0.44317293,-0.40743956,1
-0.06228611,-0.40246597,-0.48148373,1
0.28013366,-0.71923685,0.15960203,1
0.037304424,0.72393364,0.88354385,1
-0.38303018,2.3462029,0.91250986,0
-2.4363437,-0.6608717,-0.5886157,2
-3.0099297,-0.9150137,-0.58178174,2
-2.431123,-0.51161534,-1.1159755,2
-2.8445053,-0.61893964,-0.56573576,2
-0.6543803,-0.12689573,-0.6872421,2
-2.6654208,-0.642041,-0.87151617,2
-2.6206284,-0.32832047,-0.7509241,2
0.13958319,-0.2521601,-0.27630904,1
1.4228698,-0.8254493,-0.33916876,1
-2.940518,-0.9277056,-0.19694093,2
-2.526625,-0.36305043,-1.0502642,2
0.82929224,-0.38662496,0.008855018,1
-2.5683637,-0.32997522,-0.8249397,2
-2.6809275,-0.66286206,-0.9128687,2
-2.2744968,-0.54814684,-1.2085199,2
-2.3182912,-0.5843288,-1.0485818,2
-2.814607,-0.6249706,-0.7247367,2
0.5279629,-0.3057907,0.46813813,1
-2.5107024,-0.79647136,-0.79935163,2
0.21404886,0.24022546,-0.39487267,1
-1.8004496,-0.86566097,-0.20328979,2
1.6338153,-0.5251418,-0.391405,1
-1.6567093,0.9195444,-0.35111344,2
-1.6923409,-0.85459083,-0.119013205,2
-2.2958941,0.14373796,0.34639677,2
-1.0763692,0.8282537,0.3271963,2
0.43156418,-0.024511881,-0.9809829,1
-0.2049426,-0.30572015,1.2829902,1
-1.7632557,-0.71479535,-0.7248833,2
-0.72646075,-0.80352294,-0.07906676,2
-2.6831105,-0.8134885,-0.66494924,2
-1.0496386,1.6478697,0.13547209,0
0.5680945,0.12085651,1.0145481,1
-1.2603002,0.048699174,-0.17680585,2
-0.11430657,-0.6038745,0.1275441,1
-2.7980604,-0.6034995,-0.6862812,2
1.544063,-0.45880455,0.4206291,1
1.6204082,-0.08424478,-0.36933738,1
-2.8711662,-0.9139944,-0.7372891,2
-2.5590482,-0.6366638,0.05950042,2
-3.191494,-0.60930294,-0.013293446,2
1.423566,-0.50266033,-0.08873972,1
0.24513668,0.07204641,0.016438292,1
-0.01461149,-0.9314179,0.29191402,1
-0.6108492,-0.9437278,-0.45003402,2
-0.37487245,0.0747266,-0.36909533,1
-0.6721455,-0.53579587,0.48018447,2
-0.89804727,-0.81292516,0.83421725,2
-0.2201216,-0.30545118,-1.4009734,1
-1.5217817,-0.2871082,-0.19121096,2
-2.7465918,-0.6032431,-0.5690817,2
0.093932666,-0.69085175,0.057236873,1
-0.06512407,0.1991771,-1.4218777,1
-1.1498047,-0.098578714,0.7811333,2
-0.73264325,0.47215077,-1.6745495,2
-1.9522026,-0.39760783,-1.2484477,2
-0.808855,0.079587884,0.62831646,2
-2.991236,-1.1386833,-0.39467043,2
-2.43641,-1.7130212,-0.47957748,2
-0.94160557,-1.058165,-0.24286906,2
-0.1839612,-0.2356163,-1.5727233,1
-1.1139985,0.676489,-1.4011794,2
1.3843902,-0.08148029,-0.0043833326,1
1.6096294,-0.32841283,-0.10332415,1
0.8175947,-0.67097074,-1.0386693,1
1.6755995,0.3618673,-0.21100225,1
-2.7201774,-0.7064937,-0.70509005,2
-0.103358835,-0.81253695,-0.061442237,1
-0.3604347,2.162432,-0.81323,0
1.4646053,-0.25341794,-1.0902635,1
1.0160831,-0.42257124,-0.5086061,1
-1.1392295,-1.1883309,2.1128833,2
-0.1759274,1.0554259,-0.17181934,1
-3.0146325,-0.77003735,-0.5409248,2
0.43275142,1.3299415,-0.15106834,1
1.2257254,-0.14983338,-0.78658825,1
0.26430434,-0.33978608,-0.85935706,1
1.5467205,-0.09642549,0.07304863,1
-1.0223361,4.7480946,0.089647435,0
-0.056511078,0.121260956,-0.96992856,1
1.2994028,-0.42978507,-0.5745746,1
-0.30300528,2.855288,-0.09820143,0
-2.7113068,-0.6363686,-0.66736805,2
-1.8413967,-0.7020218,-0.7044671,2
1.0856992,0.65846753,0.45100254,1
0.11062731,0.58541554,0.6124581,1
-1.2689422,-0.7583584,-0.35167426,2
-1.466769,-0.6406157,-0.41947234,2
-2.5949218,-0.6036907,-0.04147816,2
1.3374475,-0.8197771,-0.67669433,1
-0.99872637,0.3462631,0.59535784,2
0.7062729,0.08672426,0.7124563,1
-1.269646,-0.14575331,0.19932039,2
0.5637728,-0.27273223,-1.1780188,1
1.7118869,-0.42780095,0.08343793,1
-0.19927284,0.43338412,2.6378124,1
-2.5499458,0.70427364,-0.88456076,2
0.3650224,0.24072605,-1.2798408,1
-0.19394849,0.08792448,-2.2634425,1
1.3765763,-0.3821584,-0.23327976,1
-0.6959046,-0.6379634,-0.6385764,2
0.07899902,0.04788015,0.0039749644,1
-0.18245856,0.88913846,1.0282015,1
-0.3449426,0.52077585,-1.6965039,1
0.7521941,-0.1222028,1.1213343,1
-1.3740268,0.562517,0.2651006,2
1.4857231,-0.45737696,-0.16345528,1
-0.89752024,-0.21186177,-0.53332734,2
-0.6430623,2.84017,-0.24710867,0
0.4140571,0.09900227,-0.8631199,1
1.1533678,0.9597309,0.4259492,1
1.6395576,-0.31565747,-0.23311381,1
-2.331566,-0.863905,-0.70109075,2
-0.9290563,-0.52573127,0.2653244,2
-0.7284857,-0.7842159,-2.122705,2
0.7084657,-0.11359682,1.3048246,1
1.2401428,0.76662374,1.4831958,1
-0.6733993,-1.1661606,0.0064903186,2
0.1850433,-0.9169437,0.06645816,1
0.3266833,0.5492565,-1.0219507,1
1.7908996,-0.30315322,-0.23642273,1
0.050819162,0.84640586,-1.1349044,1
-2.339055,-1.0507379,-0.46741837,2
-0.9542999,1.2489524,-0.06575929,0
-0.72212577,3.0614436,-0.7706798,0
1.3656228,-0.33511454,0.73493725,1
1.6110018,-0.4057913,-0.3749865,1
-0.029208608,0.8952326,-1.4368634,1
-0.080871046,-0.6613505,0.0050862865,1
0.35110575,0.40780443,0.2886034,1
1.6266896,-0.26797968,-0.3045771,1
0.61938095,0.006077376,1.123055,1
-0.09088442,-1.1932042,0.6559019,1
0.44343784,-0.20501888,-0.29541546,1
-1.1959306,0.58441037,2.4150448,2
0.875581,-0.15909387,-0.5154919,1
1.0821133,-0.54495615,0.074980214,1
-0.2304804,-0.64049387,0.7744783,2
-2.0746772,-0.7370514,1.0691596,2
0.56083465,1.9210603,0.017116891,0
-1.1760272,-0.43238488,0.34888667,2
0.43606392,0.55743974,1.5330731,1
0.80100155,-0.5480517,1.4155606,1
0.35141736,0.25244623,1.4386287,1
0.8277235,-0.36869746,-0.17720827,1
1.5914408,-0.30555013,-0.53605896,1
-0.9495262,-1.2333087,1.2569636,2
0.070156746,-0.0495392,1.1798753,1
0.12336939,-0.6038637,0.6041598,1
0.2990442,-0.20825946,-1.1477568,1
0.50904477,-0.20855156,0.013017828,1
1.3769827,-0.32700777,-0.3333162,1
-0.05333273,-0.6655262,-1.1216992,1
1.108583,-0.235929,-0.23719624,1
0.32198682,-0.09680483,-0.4491531,1
-0.36157072,-0.41405588,0.62898314,2
-2.1427119,-0.030512888,0.2189902,2
-0.52458304,-0.6847753,0.946654,2
1.6022971,0.9654958,0.06345815,1
-0.13651353,-0.8419811,-1.5601866,1
1.2532816,-0.23669331,0.17108804,1
1.2508124,0.25833756,-0.75586456,1
0.3474013,1.9676676,0.28341776,0
-0.7882531,2.5959032,0.52565855,0
0.3517842,-0.4249914,-1.420277,1
-0.06890453,-0.36099038,-0.12513658,1
-0.034433316,-0.81538945,0.37461713,1
1.5381243,-0.20906067,-0.21204942,1
-0.23897377,-0.651138,0.16943087,2
-0.6802182,2.60291,-1.0505447,0
1.1192701,0.20698883,1.559021,1
-0.2304804,-0.64049387,0.7744783,2
1.001558,0.013265942,1.3590795,1
0.04715951,3.2651527,0.11514306,0
0.07788572,-0.50108963,0.075191766,1
-1.0182734,-0.5153302,-0.21467519,2
-0.1052892,-0.3049343,-1.3751711,1
-0.49970835,-0.4938688,1.5483165,2
1.3785554,0.031745244,-0.25130793,1
-0.76516443,-1.077419,0.29174355,2
0.07053316,0.38107717,1.3121591,1
-0.42185858,-0.560234,0.9300364,2
-0.35490423,2.0993443,0.38209987,0
1.2173536,-0.35916108,0.07600494,1
-1.5976158,-0.39565215,0.5230322,2
-0.70660776,-0.5887128,0.07962735,2
-1.7114801,2.3296592,0.12530519,0
0.52891535,-0.12045407,-0.5414396,1
-1.8085343,0.12505849,0.9468729,2
1.0138826,-0.31730556,0.3571731,1
0.46685958,-0.6259386,0.8726534,1
-1.4556674,-0.1909735,-0.41276118,2
1.0811368,-0.041035417,-0.6030527,1
-0.67337793,1.8105142,-1.329277,0
-1.2208574,0.37081957,0.55547845,2
0.30190322,-0.6366581,-0.77073133,1
0.30190322,-0.6366581,-0.77073133,1
0.5402985,0.06269458,0.19684143,1
0.9570217,-0.24363548,-0.21050712,1
1.3939924,-0.5107442,0.11336127,1
1.1459308,0.29692215,-0.08336355,1
-0.5242484,-0.7269936,0.64556783,2
1.1917944,-0.37959924,0.90435755,1
-0.056856193,-0.9879538,0.36766025,1
0.73022693,0.030746007,-0.4728355,1
1.0875974,-0.44294885,1.0880954,1
-1.4404167,-0.35777277,0.94428146,2
-0.31076634,1.2388471,-1.926504,0
0.5238331,-0.495327,-1.0546225,1
-1.0341127,-0.7112946,1.1762419,2
0.49991295,0.15694807,2.182627,1
